[{"model": "admin.logentry", "pk": 1, "fields": {"action_time": "2023-06-07T11:25:52.060Z", "user": 1, "content_type": 7, "object_id": "1", "object_repr": "airpods", "action_flag": 1, "change_message": "[{\"added\": {}}]"}}, {"model": "admin.logentry", "pk": 2, "fields": {"action_time": "2023-06-07T13:01:01.837Z", "user": 1, "content_type": 7, "object_id": "1", "object_repr": "Airpods Wireless Bluetooth Headphones", "action_flag": 2, "change_message": "[{\"changed\": {\"fields\": [\"Name\", \"Brand\", \"Category\", \"Description\", \"Rating\", \"NumReviews\", \"Price\"]}}]"}}, {"model": "admin.logentry", "pk": 3, "fields": {"action_time": "2023-06-07T13:02:04.822Z", "user": 1, "content_type": 7, "object_id": "2", "object_repr": "iPhone 11 Pro 256GB Memory", "action_flag": 1, "change_message": "[{\"added\": {}}]"}}, {"model": "admin.logentry", "pk": 4, "fields": {"action_time": "2023-06-07T13:02:53.063Z", "user": 1, "content_type": 7, "object_id": "3", "object_repr": "Cannon EOS 80D DSLR Camera", "action_flag": 1, "change_message": "[{\"added\": {}}]"}}, {"model": "admin.logentry", "pk": 5, "fields": {"action_time": "2023-06-07T13:03:43.325Z", "user": 1, "content_type": 7, "object_id": "4", "object_repr": "Sony Playstation 4 Pro White Versio", "action_flag": 1, "change_message": "[{\"added\": {}}]"}}, {"model": "admin.logentry", "pk": 6, "fields": {"action_time": "2023-06-07T13:04:30.195Z", "user": 1, "content_type": 7, "object_id": "5", "object_repr": "Logitech G-Series Gaming Mouse", "action_flag": 1, "change_message": "[{\"added\": {}}]"}}, {"model": "admin.logentry", "pk": 7, "fields": {"action_time": "2023-06-07T13:05:13.112Z", "user": 1, "content_type": 7, "object_id": "6", "object_repr": "Amazon Echo Dot 3rd Generation", "action_flag": 1, "change_message": "[{\"added\": {}}]"}}, {"model": "admin.logentry", "pk": 8, "fields": {"action_time": "2023-06-11T16:48:02.523Z", "user": 1, "content_type": 4, "object_id": "1", "object_repr": "cyrisek@gmail.com", "action_flag": 2, "change_message": "[{\"changed\": {\"fields\": [\"Username\"]}}]"}}, {"model": "admin.logentry", "pk": 9, "fields": {"action_time": "2023-06-12T19:00:15.853Z", "user": 1, "content_type": 4, "object_id": "1", "object_repr": "cyrisek@gmail.com", "action_flag": 2, "change_message": "[{\"changed\": {\"fields\": [\"First name\"]}}]"}}, {"model": "admin.logentry", "pk": 10, "fields": {"action_time": "2023-06-21T10:28:12.342Z", "user": 1, "content_type": 7, "object_id": "7", "object_repr": "new Product", "action_flag": 1, "change_message": "[{\"added\": {}}]"}}, {"model": "auth.permission", "pk": 1, "fields": {"name": "Can add log entry", "content_type": 1, "codename": "add_logentry"}}, {"model": "auth.permission", "pk": 2, "fields": {"name": "Can change log entry", "content_type": 1, "codename": "change_logentry"}}, {"model": "auth.permission", "pk": 3, "fields": {"name": "Can delete log entry", "content_type": 1, "codename": "delete_logentry"}}, {"model": "auth.permission", "pk": 4, "fields": {"name": "Can view log entry", "content_type": 1, "codename": "view_logentry"}}, {"model": "auth.permission", "pk": 5, "fields": {"name": "Can add permission", "content_type": 2, "codename": "add_permission"}}, {"model": "auth.permission", "pk": 6, "fields": {"name": "Can change permission", "content_type": 2, "codename": "change_permission"}}, {"model": "auth.permission", "pk": 7, "fields": {"name": "Can delete permission", "content_type": 2, "codename": "delete_permission"}}, {"model": "auth.permission", "pk": 8, "fields": {"name": "Can view permission", "content_type": 2, "codename": "view_permission"}}, {"model": "auth.permission", "pk": 9, "fields": {"name": "Can add group", "content_type": 3, "codename": "add_group"}}, {"model": "auth.permission", "pk": 10, "fields": {"name": "Can change group", "content_type": 3, "codename": "change_group"}}, {"model": "auth.permission", "pk": 11, "fields": {"name": "Can delete group", "content_type": 3, "codename": "delete_group"}}, {"model": "auth.permission", "pk": 12, "fields": {"name": "Can view group", "content_type": 3, "codename": "view_group"}}, {"model": "auth.permission", "pk": 13, "fields": {"name": "Can add user", "content_type": 4, "codename": "add_user"}}, {"model": "auth.permission", "pk": 14, "fields": {"name": "Can change user", "content_type": 4, "codename": "change_user"}}, {"model": "auth.permission", "pk": 15, "fields": {"name": "Can delete user", "content_type": 4, "codename": "delete_user"}}, {"model": "auth.permission", "pk": 16, "fields": {"name": "Can view user", "content_type": 4, "codename": "view_user"}}, {"model": "auth.permission", "pk": 17, "fields": {"name": "Can add content type", "content_type": 5, "codename": "add_contenttype"}}, {"model": "auth.permission", "pk": 18, "fields": {"name": "Can change content type", "content_type": 5, "codename": "change_contenttype"}}, {"model": "auth.permission", "pk": 19, "fields": {"name": "Can delete content type", "content_type": 5, "codename": "delete_contenttype"}}, {"model": "auth.permission", "pk": 20, "fields": {"name": "Can view content type", "content_type": 5, "codename": "view_contenttype"}}, {"model": "auth.permission", "pk": 21, "fields": {"name": "Can add session", "content_type": 6, "codename": "add_session"}}, {"model": "auth.permission", "pk": 22, "fields": {"name": "Can change session", "content_type": 6, "codename": "change_session"}}, {"model": "auth.permission", "pk": 23, "fields": {"name": "Can delete session", "content_type": 6, "codename": "delete_session"}}, {"model": "auth.permission", "pk": 24, "fields": {"name": "Can view session", "content_type": 6, "codename": "view_session"}}, {"model": "auth.permission", "pk": 25, "fields": {"name": "Can add product", "content_type": 7, "codename": "add_product"}}, {"model": "auth.permission", "pk": 26, "fields": {"name": "Can change product", "content_type": 7, "codename": "change_product"}}, {"model": "auth.permission", "pk": 27, "fields": {"name": "Can delete product", "content_type": 7, "codename": "delete_product"}}, {"model": "auth.permission", "pk": 28, "fields": {"name": "Can view product", "content_type": 7, "codename": "view_product"}}, {"model": "auth.permission", "pk": 29, "fields": {"name": "Can add review", "content_type": 8, "codename": "add_review"}}, {"model": "auth.permission", "pk": 30, "fields": {"name": "Can change review", "content_type": 8, "codename": "change_review"}}, {"model": "auth.permission", "pk": 31, "fields": {"name": "Can delete review", "content_type": 8, "codename": "delete_review"}}, {"model": "auth.permission", "pk": 32, "fields": {"name": "Can view review", "content_type": 8, "codename": "view_review"}}, {"model": "auth.permission", "pk": 33, "fields": {"name": "Can add shipping adress", "content_type": 9, "codename": "add_shippingadress"}}, {"model": "auth.permission", "pk": 34, "fields": {"name": "Can change shipping adress", "content_type": 9, "codename": "change_shippingadress"}}, {"model": "auth.permission", "pk": 35, "fields": {"name": "Can delete shipping adress", "content_type": 9, "codename": "delete_shippingadress"}}, {"model": "auth.permission", "pk": 36, "fields": {"name": "Can view shipping adress", "content_type": 9, "codename": "view_shippingadress"}}, {"model": "auth.permission", "pk": 37, "fields": {"name": "Can add order", "content_type": 10, "codename": "add_order"}}, {"model": "auth.permission", "pk": 38, "fields": {"name": "Can change order", "content_type": 10, "codename": "change_order"}}, {"model": "auth.permission", "pk": 39, "fields": {"name": "Can delete order", "content_type": 10, "codename": "delete_order"}}, {"model": "auth.permission", "pk": 40, "fields": {"name": "Can view order", "content_type": 10, "codename": "view_order"}}, {"model": "auth.permission", "pk": 41, "fields": {"name": "Can add order item", "content_type": 11, "codename": "add_orderitem"}}, {"model": "auth.permission", "pk": 42, "fields": {"name": "Can change order item", "content_type": 11, "codename": "change_orderitem"}}, {"model": "auth.permission", "pk": 43, "fields": {"name": "Can delete order item", "content_type": 11, "codename": "delete_orderitem"}}, {"model": "auth.permission", "pk": 44, "fields": {"name": "Can view order item", "content_type": 11, "codename": "view_orderitem"}}, {"model": "auth.permission", "pk": 45, "fields": {"name": "Can add shipping address", "content_type": 9, "codename": "add_shippingaddress"}}, {"model": "auth.permission", "pk": 46, "fields": {"name": "Can change shipping address", "content_type": 9, "codename": "change_shippingaddress"}}, {"model": "auth.permission", "pk": 47, "fields": {"name": "Can delete shipping address", "content_type": 9, "codename": "delete_shippingaddress"}}, {"model": "auth.permission", "pk": 48, "fields": {"name": "Can view shipping address", "content_type": 9, "codename": "view_shippingaddress"}}, {"model": "auth.user", "pk": 1, "fields": {"password": "pbkdf2_sha256$390000$uW653Q8tCinn66198yuxUB$9LNMuzuUGh0OYIhlwf3fyGDJa3UjXDfB5cC6ph0dlm8=", "last_login": "2023-06-17T15:20:03.767Z", "is_superuser": true, "username": "cyrisek@gmail.com", "first_name": "Mateusz Urban", "last_name": "", "email": "cyrisek@gmail.com", "is_staff": true, "is_active": true, "date_joined": "2023-06-07T10:38:30Z", "groups": [], "user_permissions": []}}, {"model": "auth.user", "pk": 2, "fields": {"password": "pbkdf2_sha256$390000$6REMFyVXynV4dbwTwqVTC4$ajzae2sTo/Rf5q2FNV/zJbB/6/eXdEiyRlJqTZZltl8=", "last_login": null, "is_superuser": false, "username": "mateusz@email.com", "first_name": "Mateusz Urban", "last_name": "", "email": "mateusz@email.com", "is_staff": false, "is_active": true, "date_joined": "2023-06-10T17:31:55.699Z", "groups": [], "user_permissions": []}}, {"model": "auth.user", "pk": 4, "fields": {"password": "pbkdf2_sha256$390000$ntW4SoMzSF5nxYhnLjyo59$hHzUh6cmzfLssW1PeyTOe0+lHHe6AwfYML8wR57kb/k=", "last_login": null, "is_superuser": false, "username": "steve@gmail.com", "first_name": "steve", "last_name": "", "email": "steve@gmail.com", "is_staff": false, "is_active": true, "date_joined": "2023-06-15T11:24:21.891Z", "groups": [], "user_permissions": []}}, {"model": "contenttypes.contenttype", "pk": 1, "fields": {"app_label": "admin", "model": "logentry"}}, {"model": "contenttypes.contenttype", "pk": 2, "fields": {"app_label": "auth", "model": "permission"}}, {"model": "contenttypes.contenttype", "pk": 3, "fields": {"app_label": "auth", "model": "group"}}, {"model": "contenttypes.contenttype", "pk": 4, "fields": {"app_label": "auth", "model": "user"}}, {"model": "contenttypes.contenttype", "pk": 5, "fields": {"app_label": "contenttypes", "model": "contenttype"}}, {"model": "contenttypes.contenttype", "pk": 6, "fields": {"app_label": "sessions", "model": "session"}}, {"model": "contenttypes.contenttype", "pk": 7, "fields": {"app_label": "base", "model": "product"}}, {"model": "contenttypes.contenttype", "pk": 8, "fields": {"app_label": "base", "model": "review"}}, {"model": "contenttypes.contenttype", "pk": 9, "fields": {"app_label": "base", "model": "shippingaddress"}}, {"model": "contenttypes.contenttype", "pk": 10, "fields": {"app_label": "base", "model": "order"}}, {"model": "contenttypes.contenttype", "pk": 11, "fields": {"app_label": "base", "model": "orderitem"}}, {"model": "sessions.session", "pk": "00viuvkg79zi3arveycznic58d26hyws", "fields": {"session_data": ".eJxVjMEOgjAQRP-lZ9PYpdLi0Tvf0Ox2dy1qIKFwMv67kHDQ48x7M2-TcF1KWqvMaWBzNc6cfjvC_JRxB_zA8T7ZPI3LPJDdFXvQavuJ5XU73L-DgrVs66YDDlHBgycV71lDztlFlc6DAmBLPl80nCk0XWwcE7VbZhRGQFHz-QL2Bzko:1qAXid:O-B9-arBbZ72Opv1-uMs3r-vinBF-RQqKTShMx2j8ac", "expire_date": "2023-07-01T15:20:03.792Z"}}, {"model": "base.product", "pk": 1, "fields": {"user": 1, "name": "Airpods Wireless Bluetooth Headphones", "image": "airpods.jpg", "brand": "Apple", "category": "Electronics", "description": "Bluetooth technology lets you connect it with compatible devices wirelessly High-quality AAC audio offers immersive listening experience Built-in microphone allows you to take calls while working", "rating": "4.00", "numReviews": 1, "price": "89.99", "countInStock": 0, "createdAt": "2023-06-07T11:25:52.029Z"}}, {"model": "base.product", "pk": 2, "fields": {"user": 1, "name": "iPhone 11 Pro 256GB Memory", "image": "phone.jpg", "brand": "Apple", "category": "Electronics", "description": "Introducing the iPhone 11 Pro. A transformative triple-camera system that adds tons of capability without complexity. An unprecedented leap in battery life", "rating": "3.00", "numReviews": 1, "price": "599.99", "countInStock": 5, "createdAt": "2023-06-07T13:02:04.808Z"}}, {"model": "base.product", "pk": 3, "fields": {"user": 1, "name": "Cannon EOS 80D DSLR Camera", "image": "camera.jpg", "brand": "Cannon", "category": "Electronics", "description": "Characterized by versatile imaging specs, the Canon EOS 80D further clarifies itself using a pair of robust focusing systems and an intuitive design", "rating": "3.00", "numReviews": 1, "price": "929.99", "countInStock": -7, "createdAt": "2023-06-07T13:02:53.040Z"}}, {"model": "base.product", "pk": 4, "fields": {"user": 1, "name": "Sony Playstation 4 Pro White Versio", "image": "playstation.jpg", "brand": "Sony", "category": "Electronics", "description": "The ultimate home entertainment center starts with PlayStation. Whether you are into gaming, HD movies, television, music", "rating": "4.00", "numReviews": 1, "price": "399.99", "countInStock": 8, "createdAt": "2023-06-07T13:03:43.304Z"}}, {"model": "base.product", "pk": 5, "fields": {"user": 1, "name": "Logitech G-Series Gaming Mouse", "image": "mouse.jpg", "brand": "Logitech", "category": "Electronics", "description": "Get a better handle on your games with this Logitech LIGHTSYNC gaming mouse. The six programmable buttons allow customization for a smooth playing experience", "rating": "3.50", "numReviews": 10, "price": "49.99", "countInStock": -5, "createdAt": "2023-06-07T13:04:30.181Z"}}, {"model": "base.product", "pk": 6, "fields": {"user": 1, "name": "Amazon Echo Dot 3rd Generation", "image": "alexa.jpg", "brand": "Amazon", "category": "Electronics", "description": "Meet Echo Dot - Our most popular smart speaker with a fabric design. It is our most compact smart speaker that fits perfectly into small space", "rating": "4.00", "numReviews": 12, "price": "29.99", "countInStock": 0, "createdAt": "2023-06-07T13:05:13.092Z"}}, {"model": "base.product", "pk": 13, "fields": {"user": 1, "name": "Sample Name(update)", "image": "/sample.jpg", "brand": "Sample Brand(update)", "category": "Sample Category(Update)", "description": "hejo", "rating": "1.00", "numReviews": 1, "price": "12.99", "countInStock": 2, "createdAt": "2023-06-21T11:29:43.744Z"}}, {"model": "base.review", "pk": 1, "fields": {"product": 2, "user": 1, "name": "Mateusz Urban", "rating": 3, "comment": "Good Product!", "createdAt": "2023-06-21T18:12:26.634Z"}}, {"model": "base.review", "pk": 2, "fields": {"product": 1, "user": 1, "name": "Mateusz Urban", "rating": 4, "comment": "Nice!", "createdAt": "2023-06-21T18:50:35.308Z"}}, {"model": "base.review", "pk": 3, "fields": {"product": 3, "user": 1, "name": "Mateusz Urban", "rating": 3, "comment": "hejo", "createdAt": "2023-06-21T18:52:48.569Z"}}, {"model": "base.review", "pk": 4, "fields": {"product": 13, "user": 1, "name": "Mateusz Urban", "rating": 1, "comment": "nice sample\n", "createdAt": "2023-06-21T18:58:15.963Z"}}, {"model": "base.review", "pk": 5, "fields": {"product": 4, "user": 1, "name": "Mateusz Urban", "rating": 4, "comment": "not a bad console", "createdAt": "2023-06-21T19:01:27.478Z"}}, {"model": "base.order", "pk": 1, "fields": {"user": 1, "paymentMethod": "PayPal", "taxPrice": "80.36", "shippingPrice": "0.00", "totalPrice": "1060.34", "isPaid": false, "paidAt": null, "isDelivered": false, "deliveredAt": null, "createdAt": "2023-06-17T14:58:20.994Z"}}, {"model": "base.order", "pk": 2, "fields": {"user": 1, "paymentMethod": "PayPal", "taxPrice": "80.36", "shippingPrice": "0.00", "totalPrice": "1060.34", "isPaid": false, "paidAt": null, "isDelivered": false, "deliveredAt": null, "createdAt": "2023-06-17T15:03:22.126Z"}}, {"model": "base.order", "pk": 3, "fields": {"user": 1, "paymentMethod": "PayPal", "taxPrice": "80.36", "shippingPrice": "0.00", "totalPrice": "1060.34", "isPaid": false, "paidAt": null, "isDelivered": false, "deliveredAt": null, "createdAt": "2023-06-17T15:06:05.739Z"}}, {"model": "base.order", "pk": 4, "fields": {"user": 1, "paymentMethod": "PayPal", "taxPrice": "80.36", "shippingPrice": "0.00", "totalPrice": "1060.34", "isPaid": false, "paidAt": null, "isDelivered": false, "deliveredAt": null, "createdAt": "2023-06-17T15:06:19.444Z"}}, {"model": "base.order", "pk": 5, "fields": {"user": 1, "paymentMethod": "PayPal", "taxPrice": "80.36", "shippingPrice": "0.00", "totalPrice": "1060.34", "isPaid": false, "paidAt": null, "isDelivered": false, "deliveredAt": null, "createdAt": "2023-06-17T15:09:28.792Z"}}, {"model": "base.order", "pk": 6, "fields": {"user": 1, "paymentMethod": "PayPal", "taxPrice": "80.36", "shippingPrice": "0.00", "totalPrice": "1060.34", "isPaid": false, "paidAt": null, "isDelivered": false, "deliveredAt": null, "createdAt": "2023-06-17T15:11:17.063Z"}}, {"model": "base.order", "pk": 7, "fields": {"user": 1, "paymentMethod": "PayPal", "taxPrice": "80.36", "shippingPrice": "0.00", "totalPrice": "1060.34", "isPaid": false, "paidAt": null, "isDelivered": false, "deliveredAt": null, "createdAt": "2023-06-17T15:11:47.918Z"}}, {"model": "base.order", "pk": 8, "fields": {"user": 1, "paymentMethod": "PayPal", "taxPrice": "80.36", "shippingPrice": "0.00", "totalPrice": "1060.34", "isPaid": false, "paidAt": null, "isDelivered": false, "deliveredAt": null, "createdAt": "2023-06-17T15:12:31.678Z"}}, {"model": "base.order", "pk": 9, "fields": {"user": 1, "paymentMethod": "PayPal", "taxPrice": "80.36", "shippingPrice": "0.00", "totalPrice": "1060.34", "isPaid": false, "paidAt": null, "isDelivered": false, "deliveredAt": null, "createdAt": "2023-06-17T15:14:10.910Z"}}, {"model": "base.order", "pk": 10, "fields": {"user": 1, "paymentMethod": "PayPal", "taxPrice": "80.36", "shippingPrice": "0.00", "totalPrice": "1060.34", "isPaid": false, "paidAt": null, "isDelivered": false, "deliveredAt": null, "createdAt": "2023-06-17T15:17:08.594Z"}}, {"model": "base.order", "pk": 11, "fields": {"user": 1, "paymentMethod": "PayPal", "taxPrice": "80.36", "shippingPrice": "0.00", "totalPrice": "1060.34", "isPaid": false, "paidAt": null, "isDelivered": false, "deliveredAt": null, "createdAt": "2023-06-17T15:18:34.950Z"}}, {"model": "base.order", "pk": 12, "fields": {"user": 1, "paymentMethod": "PayPal", "taxPrice": "80.36", "shippingPrice": "0.00", "totalPrice": "1060.34", "isPaid": false, "paidAt": null, "isDelivered": false, "deliveredAt": null, "createdAt": "2023-06-17T15:18:53.124Z"}}, {"model": "base.order", "pk": 13, "fields": {"user": 1, "paymentMethod": "PayPal", "taxPrice": "80.36", "shippingPrice": "0.00", "totalPrice": "1060.34", "isPaid": false, "paidAt": null, "isDelivered": false, "deliveredAt": null, "createdAt": "2023-06-17T15:25:32.596Z"}}, {"model": "base.order", "pk": 14, "fields": {"user": 1, "paymentMethod": "PayPal", "taxPrice": "80.36", "shippingPrice": "0.00", "totalPrice": "1060.34", "isPaid": false, "paidAt": null, "isDelivered": false, "deliveredAt": null, "createdAt": "2023-06-17T15:30:52.196Z"}}, {"model": "base.order", "pk": 15, "fields": {"user": 1, "paymentMethod": "PayPal", "taxPrice": "0.00", "shippingPrice": "10.00", "totalPrice": "10.00", "isPaid": false, "paidAt": null, "isDelivered": false, "deliveredAt": null, "createdAt": "2023-06-17T15:31:46.533Z"}}, {"model": "base.order", "pk": 16, "fields": {"user": 1, "paymentMethod": "PayPal", "taxPrice": "196.80", "shippingPrice": "0.00", "totalPrice": "2596.75", "isPaid": true, "paidAt": "2023-06-17T21:04:48.255Z", "isDelivered": true, "deliveredAt": "2023-06-21T16:30:03.421Z", "createdAt": "2023-06-17T16:03:37.384Z"}}, {"model": "base.orderitem", "pk": 1, "fields": {"product": 5, "order": 1, "name": "Logitech G-Series Gaming Mouse", "qty": 1, "price": "49.99", "image": "/images/mouse.jpg"}}, {"model": "base.orderitem", "pk": 2, "fields": {"product": 5, "order": 2, "name": "Logitech G-Series Gaming Mouse", "qty": 1, "price": "49.99", "image": "/images/mouse.jpg"}}, {"model": "base.orderitem", "pk": 3, "fields": {"product": 3, "order": 2, "name": "Cannon EOS 80D DSLR Camera", "qty": 1, "price": "929.99", "image": "/images/camera.jpg"}}, {"model": "base.orderitem", "pk": 4, "fields": {"product": 5, "order": 3, "name": "Logitech G-Series Gaming Mouse", "qty": 1, "price": "49.99", "image": "/images/mouse.jpg"}}, {"model": "base.orderitem", "pk": 5, "fields": {"product": 3, "order": 3, "name": "Cannon EOS 80D DSLR Camera", "qty": 1, "price": "929.99", "image": "/images/camera.jpg"}}, {"model": "base.orderitem", "pk": 6, "fields": {"product": 5, "order": 4, "name": "Logitech G-Series Gaming Mouse", "qty": 1, "price": "49.99", "image": "/images/mouse.jpg"}}, {"model": "base.orderitem", "pk": 7, "fields": {"product": 3, "order": 4, "name": "Cannon EOS 80D DSLR Camera", "qty": 1, "price": "929.99", "image": "/images/camera.jpg"}}, {"model": "base.orderitem", "pk": 8, "fields": {"product": 5, "order": 5, "name": "Logitech G-Series Gaming Mouse", "qty": 1, "price": "49.99", "image": "/images/mouse.jpg"}}, {"model": "base.orderitem", "pk": 9, "fields": {"product": 3, "order": 5, "name": "Cannon EOS 80D DSLR Camera", "qty": 1, "price": "929.99", "image": "/images/camera.jpg"}}, {"model": "base.orderitem", "pk": 10, "fields": {"product": 5, "order": 6, "name": "Logitech G-Series Gaming Mouse", "qty": 1, "price": "49.99", "image": "/images/mouse.jpg"}}, {"model": "base.orderitem", "pk": 11, "fields": {"product": 3, "order": 6, "name": "Cannon EOS 80D DSLR Camera", "qty": 1, "price": "929.99", "image": "/images/camera.jpg"}}, {"model": "base.orderitem", "pk": 12, "fields": {"product": 5, "order": 7, "name": "Logitech G-Series Gaming Mouse", "qty": 1, "price": "49.99", "image": "/images/mouse.jpg"}}, {"model": "base.orderitem", "pk": 13, "fields": {"product": 3, "order": 7, "name": "Cannon EOS 80D DSLR Camera", "qty": 1, "price": "929.99", "image": "/images/camera.jpg"}}, {"model": "base.orderitem", "pk": 14, "fields": {"product": 5, "order": 8, "name": "Logitech G-Series Gaming Mouse", "qty": 1, "price": "49.99", "image": "/images/mouse.jpg"}}, {"model": "base.orderitem", "pk": 15, "fields": {"product": 3, "order": 8, "name": "Cannon EOS 80D DSLR Camera", "qty": 1, "price": "929.99", "image": "/images/camera.jpg"}}, {"model": "base.orderitem", "pk": 16, "fields": {"product": 5, "order": 9, "name": "Logitech G-Series Gaming Mouse", "qty": 1, "price": "49.99", "image": "/images/mouse.jpg"}}, {"model": "base.orderitem", "pk": 17, "fields": {"product": 3, "order": 9, "name": "Cannon EOS 80D DSLR Camera", "qty": 1, "price": "929.99", "image": "/images/camera.jpg"}}, {"model": "base.orderitem", "pk": 18, "fields": {"product": 5, "order": 10, "name": "Logitech G-Series Gaming Mouse", "qty": 1, "price": "49.99", "image": "/images/mouse.jpg"}}, {"model": "base.orderitem", "pk": 19, "fields": {"product": 3, "order": 10, "name": "Cannon EOS 80D DSLR Camera", "qty": 1, "price": "929.99", "image": "/images/camera.jpg"}}, {"model": "base.orderitem", "pk": 20, "fields": {"product": 5, "order": 11, "name": "Logitech G-Series Gaming Mouse", "qty": 1, "price": "49.99", "image": "/images/mouse.jpg"}}, {"model": "base.orderitem", "pk": 21, "fields": {"product": 5, "order": 12, "name": "Logitech G-Series Gaming Mouse", "qty": 1, "price": "49.99", "image": "/images/mouse.jpg"}}, {"model": "base.orderitem", "pk": 22, "fields": {"product": 3, "order": 12, "name": "Cannon EOS 80D DSLR Camera", "qty": 1, "price": "929.99", "image": "/images/camera.jpg"}}, {"model": "base.orderitem", "pk": 23, "fields": {"product": 5, "order": 13, "name": "Logitech G-Series Gaming Mouse", "qty": 1, "price": "49.99", "image": "/images/mouse.jpg"}}, {"model": "base.orderitem", "pk": 24, "fields": {"product": 3, "order": 13, "name": "Cannon EOS 80D DSLR Camera", "qty": 1, "price": "929.99", "image": "/images/camera.jpg"}}, {"model": "base.orderitem", "pk": 25, "fields": {"product": 5, "order": 14, "name": "Logitech G-Series Gaming Mouse", "qty": 1, "price": "49.99", "image": "/images/mouse.jpg"}}, {"model": "base.orderitem", "pk": 26, "fields": {"product": 3, "order": 14, "name": "Cannon EOS 80D DSLR Camera", "qty": 1, "price": "929.99", "image": "/images/camera.jpg"}}, {"model": "base.orderitem", "pk": 27, "fields": {"product": 2, "order": 16, "name": "iPhone 11 Pro 256GB Memory", "qty": 2, "price": "599.99", "image": "/images/phone.jpg"}}, {"model": "base.orderitem", "pk": 28, "fields": {"product": 4, "order": 16, "name": "Sony Playstation 4 Pro White Versio", "qty": 3, "price": "399.99", "image": "/images/playstation.jpg"}}, {"model": "base.shippingaddress", "pk": 1, "fields": {"order": 1, "address": "60A Windmill Avenue", "city": "Kettering", "postalCode": "NN160RB", "country": "Wielka Brytania", "shippingPrice": null}}, {"model": "base.shippingaddress", "pk": 2, "fields": {"order": 2, "address": "60A Windmill Avenue", "city": "Kettering", "postalCode": "NN160RB", "country": "Wielka Brytania", "shippingPrice": null}}, {"model": "base.shippingaddress", "pk": 3, "fields": {"order": 3, "address": "60A Windmill Avenue", "city": "Kettering", "postalCode": "NN160RB", "country": "Wielka Brytania", "shippingPrice": null}}, {"model": "base.shippingaddress", "pk": 4, "fields": {"order": 4, "address": "60A Windmill Avenue", "city": "Kettering", "postalCode": "NN160RB", "country": "Wielka Brytania", "shippingPrice": null}}, {"model": "base.shippingaddress", "pk": 5, "fields": {"order": 5, "address": "60A Windmill Avenue", "city": "Kettering", "postalCode": "NN160RB", "country": "Wielka Brytania", "shippingPrice": null}}, {"model": "base.shippingaddress", "pk": 6, "fields": {"order": 6, "address": "60A Windmill Avenue", "city": "Kettering", "postalCode": "NN160RB", "country": "Wielka Brytania", "shippingPrice": null}}, {"model": "base.shippingaddress", "pk": 7, "fields": {"order": 7, "address": "60A Windmill Avenue", "city": "Kettering", "postalCode": "NN160RB", "country": "Wielka Brytania", "shippingPrice": null}}, {"model": "base.shippingaddress", "pk": 8, "fields": {"order": 8, "address": "60A Windmill Avenue", "city": "Kettering", "postalCode": "NN160RB", "country": "Wielka Brytania", "shippingPrice": null}}, {"model": "base.shippingaddress", "pk": 9, "fields": {"order": 9, "address": "60A Windmill Avenue", "city": "Kettering", "postalCode": "NN160RB", "country": "Wielka Brytania", "shippingPrice": null}}, {"model": "base.shippingaddress", "pk": 10, "fields": {"order": 10, "address": "60A Windmill Avenue", "city": "Kettering", "postalCode": "NN160RB", "country": "Wielka Brytania", "shippingPrice": null}}, {"model": "base.shippingaddress", "pk": 11, "fields": {"order": 11, "address": "60A Windmill Avenue", "city": "Kettering", "postalCode": "NN160RB", "country": "Wielka Brytania", "shippingPrice": null}}, {"model": "base.shippingaddress", "pk": 12, "fields": {"order": 12, "address": "60A Windmill Avenue", "city": "Kettering", "postalCode": "NN160RB", "country": "Wielka Brytania", "shippingPrice": null}}, {"model": "base.shippingaddress", "pk": 13, "fields": {"order": 13, "address": "60A Windmill Avenue", "city": "Kettering", "postalCode": "NN160RB", "country": "Wielka Brytania", "shippingPrice": null}}, {"model": "base.shippingaddress", "pk": 14, "fields": {"order": 14, "address": "60A Windmill Avenue", "city": "Kettering", "postalCode": "NN160RB", "country": "Wielka Brytania", "shippingPrice": null}}, {"model": "base.shippingaddress", "pk": 15, "fields": {"order": 15, "address": "60A Windmill Avenue", "city": "Kettering", "postalCode": "NN160RB", "country": "Wielka Brytania", "shippingPrice": null}}, {"model": "base.shippingaddress", "pk": 16, "fields": {"order": 16, "address": "60A Windmill Avenue", "city": "Kettering", "postalCode": "NN160RB", "country": "Wielka Brytania", "shippingPrice": null}}]